ExperimentTitle,SampleName,SampleDescription,SequencingDate,FileName,FileLocation
A transcriptional roadmap of the yearly growth cycle in Populus trees,P10011_156,Sample from bud grown indoor collected under the treatment CTW10,2018-09-26T10:00:00,P10011_156_S67_L002_R1_001.fastq.gz,/mnt/picea/storage/data/aspseq/onilsson/aspen-FTL1-growth-cessation/P10011/raw/links
A transcriptional roadmap of the yearly growth cycle in Populus trees,P10011_156,Sample from bud grown indoor collected under the treatment CTW10,2018-09-26T10:00:00,P10011_156_S67_L002_R2_001.fastq.gz,/mnt/picea/storage/data/aspseq/onilsson/aspen-FTL1-growth-cessation/P10011/raw/links
A transcriptional roadmap of the yearly growth cycle in Populus trees,P10011_157,Sample from bud grown indoor collected under the treatment CTW10,2018-09-26T10:00:00,P10011_157_S38_L001_R1_001.fastq.gz,/mnt/picea/storage/data/aspseq/onilsson/aspen-FTL1-growth-cessation/P10011/raw/links
A transcriptional roadmap of the yearly growth cycle in Populus trees,P10011_157,Sample from bud grown indoor collected under the treatment CTW10,2018-09-26T10:00:00,P10011_157_S38_L001_R2_001.fastq.gz,/mnt/picea/storage/data/aspseq/onilsson/aspen-FTL1-growth-cessation/P10011/raw/links
A transcriptional roadmap of the yearly growth cycle in Populus trees,P12869_125,Sample from leaf grown indoor collected under the treatment LDW4,2019-05-13T10:00:00,P12869_125_S157_L004_R1_001.fastq.gz,/mnt/picea/storage/data/aspseq/onilsson/aspen-FTL1-growth-cessation/P12869/links
A transcriptional roadmap of the yearly growth cycle in Populus trees,P12869_125,Sample from leaf grown indoor collected under the treatment LDW4,2019-05-13T10:00:00,P12869_125_S157_L004_R2_001.fastq.gz,/mnt/picea/storage/data/aspseq/onilsson/aspen-FTL1-growth-cessation/P12869/links
A transcriptional roadmap of the yearly growth cycle in Populus trees,P12869_126,Sample from leaf grown indoor collected under the treatment LDW4,2019-05-13T10:00:00,P12869_126_S158_L004_R1_001.fastq.gz,/mnt/picea/storage/data/aspseq/onilsson/aspen-FTL1-growth-cessation/P12869/links
A transcriptional roadmap of the yearly growth cycle in Populus trees,P12869_126,Sample from leaf grown indoor collected under the treatment LDW4,2019-05-13T10:00:00,P12869_126_S158_L004_R2_001.fastq.gz,/mnt/picea/storage/data/aspseq/onilsson/aspen-FTL1-growth-cessation/P12869/links
A transcriptional roadmap of the yearly growth cycle in Populus trees,P12869_127,Sample from leaf grown indoor collected under the treatment LDW4,2019-05-13T10:00:00,P12869_127_S159_L004_R1_001.fastq.gz,/mnt/picea/storage/data/aspseq/onilsson/aspen-FTL1-growth-cessation/P12869/links
A transcriptional roadmap of the yearly growth cycle in Populus trees,P12869_127,Sample from leaf grown indoor collected under the treatment LDW4,2019-05-13T10:00:00,P12869_127_S159_L004_R2_001.fastq.gz,/mnt/picea/storage/data/aspseq/onilsson/aspen-FTL1-growth-cessation/P12869/links
A transcriptional roadmap of the yearly growth cycle in Populus trees,P12869_131,Sample from leaf grown indoor collected under the treatment LDW4,2019-05-13T10:00:00,P12869_131_S163_L004_R1_001.fastq.gz,/mnt/picea/storage/data/aspseq/onilsson/aspen-FTL1-growth-cessation/P12869/links
A transcriptional roadmap of the yearly growth cycle in Populus trees,P12869_131,Sample from leaf grown indoor collected under the treatment LDW4,2019-05-13T10:00:00,P12869_131_S163_L004_R2_001.fastq.gz,/mnt/picea/storage/data/aspseq/onilsson/aspen-FTL1-growth-cessation/P12869/links
A transcriptional roadmap of the yearly growth cycle in Populus trees,P12869_132,Sample from leaf grown indoor collected under the treatment LDW4,2019-05-13T10:00:00,P12869_132_S164_L004_R1_001.fastq.gz,/mnt/picea/storage/data/aspseq/onilsson/aspen-FTL1-growth-cessation/P12869/links
A transcriptional roadmap of the yearly growth cycle in Populus trees,P12869_132,Sample from leaf grown indoor collected under the treatment LDW4,2019-05-13T10:00:00,P12869_132_S164_L004_R2_001.fastq.gz,/mnt/picea/storage/data/aspseq/onilsson/aspen-FTL1-growth-cessation/P12869/links
A transcriptional roadmap of the yearly growth cycle in Populus trees,P12869_133,Sample from leaf grown indoor collected under the treatment LDW4,2019-05-13T10:00:00,P12869_133_S165_L004_R1_001.fastq.gz,/mnt/picea/storage/data/aspseq/onilsson/aspen-FTL1-growth-cessation/P12869/links
A transcriptional roadmap of the yearly growth cycle in Populus trees,P12869_133,Sample from leaf grown indoor collected under the treatment LDW4,2019-05-13T10:00:00,P12869_133_S165_L004_R2_001.fastq.gz,/mnt/picea/storage/data/aspseq/onilsson/aspen-FTL1-growth-cessation/P12869/links
A transcriptional roadmap of the yearly growth cycle in Populus trees,P12869_137,Sample from leaf grown indoor collected under the treatment LDW4,2019-05-13T10:00:00,P12869_137_S168_L004_R1_001.fastq.gz,/mnt/picea/storage/data/aspseq/onilsson/aspen-FTL1-growth-cessation/P12869/links
A transcriptional roadmap of the yearly growth cycle in Populus trees,P12869_137,Sample from leaf grown indoor collected under the treatment LDW4,2019-05-13T10:00:00,P12869_137_S168_L004_R2_001.fastq.gz,/mnt/picea/storage/data/aspseq/onilsson/aspen-FTL1-growth-cessation/P12869/links
A transcriptional roadmap of the yearly growth cycle in Populus trees,P12869_138,Sample from leaf grown indoor collected under the treatment LDW4,2019-05-13T10:00:00,P12869_138_S169_L004_R1_001.fastq.gz,/mnt/picea/storage/data/aspseq/onilsson/aspen-FTL1-growth-cessation/P12869/links
A transcriptional roadmap of the yearly growth cycle in Populus trees,P12869_138,Sample from leaf grown indoor collected under the treatment LDW4,2019-05-13T10:00:00,P12869_138_S169_L004_R2_001.fastq.gz,/mnt/picea/storage/data/aspseq/onilsson/aspen-FTL1-growth-cessation/P12869/links
A transcriptional roadmap of the yearly growth cycle in Populus trees,P12869_139,Sample from leaf grown indoor collected under the treatment LDW4,2019-05-13T10:00:00,P12869_139_S170_L004_R1_001.fastq.gz,/mnt/picea/storage/data/aspseq/onilsson/aspen-FTL1-growth-cessation/P12869/links
A transcriptional roadmap of the yearly growth cycle in Populus trees,P12869_139,Sample from leaf grown indoor collected under the treatment LDW4,2019-05-13T10:00:00,P12869_139_S170_L004_R2_001.fastq.gz,/mnt/picea/storage/data/aspseq/onilsson/aspen-FTL1-growth-cessation/P12869/links
A transcriptional roadmap of the yearly growth cycle in Populus trees,P12869_225,Sample from leaf grown indoor collected under the treatment LDW4,2019-05-13T10:00:00,P12869_225_S109_L001_R1_001.fastq.gz,/mnt/picea/storage/data/aspseq/onilsson/aspen-FTL1-growth-cessation/P12869/links
A transcriptional roadmap of the yearly growth cycle in Populus trees,P12869_225,Sample from leaf grown indoor collected under the treatment LDW4,2019-05-13T10:00:00,P12869_225_S109_L001_R2_001.fastq.gz,/mnt/picea/storage/data/aspseq/onilsson/aspen-FTL1-growth-cessation/P12869/links
A transcriptional roadmap of the yearly growth cycle in Populus trees,P12869_226,Sample from leaf grown indoor collected under the treatment LDW4,2019-05-13T10:00:00,P12869_226_S110_L001_R1_001.fastq.gz,/mnt/picea/storage/data/aspseq/onilsson/aspen-FTL1-growth-cessation/P12869/links
A transcriptional roadmap of the yearly growth cycle in Populus trees,P12869_226,Sample from leaf grown indoor collected under the treatment LDW4,2019-05-13T10:00:00,P12869_226_S110_L001_R2_001.fastq.gz,/mnt/picea/storage/data/aspseq/onilsson/aspen-FTL1-growth-cessation/P12869/links
A transcriptional roadmap of the yearly growth cycle in Populus trees,P12869_227,Sample from leaf grown indoor collected under the treatment LDW4,2019-05-13T10:00:00,P12869_227_S111_L001_R1_001.fastq.gz,/mnt/picea/storage/data/aspseq/onilsson/aspen-FTL1-growth-cessation/P12869/links
A transcriptional roadmap of the yearly growth cycle in Populus trees,P12869_227,Sample from leaf grown indoor collected under the treatment LDW4,2019-05-13T10:00:00,P12869_227_S111_L001_R2_001.fastq.gz,/mnt/picea/storage/data/aspseq/onilsson/aspen-FTL1-growth-cessation/P12869/links
A transcriptional roadmap of the yearly growth cycle in Populus trees,P12869_231,Sample from leaf grown indoor collected under the treatment LDW4,2019-05-13T10:00:00,P12869_231_S115_L001_R1_001.fastq.gz,/mnt/picea/storage/data/aspseq/onilsson/aspen-FTL1-growth-cessation/P12869/links
A transcriptional roadmap of the yearly growth cycle in Populus trees,P12869_231,Sample from leaf grown indoor collected under the treatment LDW4,2019-05-13T10:00:00,P12869_231_S115_L001_R2_001.fastq.gz,/mnt/picea/storage/data/aspseq/onilsson/aspen-FTL1-growth-cessation/P12869/links
A transcriptional roadmap of the yearly growth cycle in Populus trees,P12869_232,Sample from leaf grown indoor collected under the treatment LDW4,2019-05-13T10:00:00,P12869_232_S116_L001_R1_001.fastq.gz,/mnt/picea/storage/data/aspseq/onilsson/aspen-FTL1-growth-cessation/P12869/links
A transcriptional roadmap of the yearly growth cycle in Populus trees,P12869_232,Sample from leaf grown indoor collected under the treatment LDW4,2019-05-13T10:00:00,P12869_232_S116_L001_R2_001.fastq.gz,/mnt/picea/storage/data/aspseq/onilsson/aspen-FTL1-growth-cessation/P12869/links
A transcriptional roadmap of the yearly growth cycle in Populus trees,P12869_233,Sample from leaf grown indoor collected under the treatment LDW4,2019-05-13T10:00:00,P12869_233_S117_L001_R1_001.fastq.gz,/mnt/picea/storage/data/aspseq/onilsson/aspen-FTL1-growth-cessation/P12869/links
A transcriptional roadmap of the yearly growth cycle in Populus trees,P12869_233,Sample from leaf grown indoor collected under the treatment LDW4,2019-05-13T10:00:00,P12869_233_S117_L001_R2_001.fastq.gz,/mnt/picea/storage/data/aspseq/onilsson/aspen-FTL1-growth-cessation/P12869/links
A transcriptional roadmap of the yearly growth cycle in Populus trees,P12869_237,Sample from leaf grown indoor collected under the treatment LDW4,2019-05-13T10:00:00,P12869_237_S121_L001_R1_001.fastq.gz,/mnt/picea/storage/data/aspseq/onilsson/aspen-FTL1-growth-cessation/P12869/links
A transcriptional roadmap of the yearly growth cycle in Populus trees,P12869_237,Sample from leaf grown indoor collected under the treatment LDW4,2019-05-13T10:00:00,P12869_237_S121_L001_R2_001.fastq.gz,/mnt/picea/storage/data/aspseq/onilsson/aspen-FTL1-growth-cessation/P12869/links
A transcriptional roadmap of the yearly growth cycle in Populus trees,P12869_238,Sample from leaf grown indoor collected under the treatment LDW4,2019-05-13T10:00:00,P12869_238_S122_L001_R1_001.fastq.gz,/mnt/picea/storage/data/aspseq/onilsson/aspen-FTL1-growth-cessation/P12869/links
A transcriptional roadmap of the yearly growth cycle in Populus trees,P12869_238,Sample from leaf grown indoor collected under the treatment LDW4,2019-05-13T10:00:00,P12869_238_S122_L001_R2_001.fastq.gz,/mnt/picea/storage/data/aspseq/onilsson/aspen-FTL1-growth-cessation/P12869/links
A transcriptional roadmap of the yearly growth cycle in Populus trees,P12869_239,Sample from leaf grown indoor collected under the treatment LDW4,2019-05-13T10:00:00,P12869_239_S123_L001_R1_001.fastq.gz,/mnt/picea/storage/data/aspseq/onilsson/aspen-FTL1-growth-cessation/P12869/links
A transcriptional roadmap of the yearly growth cycle in Populus trees,P12869_239,Sample from leaf grown indoor collected under the treatment LDW4,2019-05-13T10:00:00,P12869_239_S123_L001_R2_001.fastq.gz,/mnt/picea/storage/data/aspseq/onilsson/aspen-FTL1-growth-cessation/P12869/links
A transcriptional roadmap of the yearly growth cycle in Populus trees,P17253_102_1,Sample from bud grown indoor collected under the treatment SDW15  technical replicate  1,2020-10-19T10:00:00,P17253_102_S41_L002_R1_001.fastq.gz,/mnt/picea/storage/data/aspseq/onilsson/T89-diurnal-analysis/links
A transcriptional roadmap of the yearly growth cycle in Populus trees,P17253_102_1,Sample from bud grown indoor collected under the treatment SDW15  technical replicate  1,2020-10-19T10:00:00,P17253_102_S41_L002_R2_001.fastq.gz,/mnt/picea/storage/data/aspseq/onilsson/T89-diurnal-analysis/links
A transcriptional roadmap of the yearly growth cycle in Populus trees,P17253_102_2,Sample from bud grown indoor collected under the treatment SDW15  technical replicate  2,2020-10-19T10:00:00,P17253_102_S66_L002_R1_001.fastq.gz,/mnt/picea/storage/data/aspseq/onilsson/T89-diurnal-analysis/links
A transcriptional roadmap of the yearly growth cycle in Populus trees,P17253_102_2,Sample from bud grown indoor collected under the treatment SDW15  technical replicate  2,2020-10-19T10:00:00,P17253_102_S66_L002_R2_001.fastq.gz,/mnt/picea/storage/data/aspseq/onilsson/T89-diurnal-analysis/links
A transcriptional roadmap of the yearly growth cycle in Populus trees,P17253_103_1,Sample from bud grown indoor collected under the treatment SDW15  technical replicate  1,2020-10-19T10:00:00,P17253_103_S42_L002_R1_001.fastq.gz,/mnt/picea/storage/data/aspseq/onilsson/T89-diurnal-analysis/links
A transcriptional roadmap of the yearly growth cycle in Populus trees,P17253_103_1,Sample from bud grown indoor collected under the treatment SDW15  technical replicate  1,2020-10-19T10:00:00,P17253_103_S42_L002_R2_001.fastq.gz,/mnt/picea/storage/data/aspseq/onilsson/T89-diurnal-analysis/links
A transcriptional roadmap of the yearly growth cycle in Populus trees,P17253_103_2,Sample from bud grown indoor collected under the treatment SDW15  technical replicate  2,2020-10-19T10:00:00,P17253_103_S67_L002_R1_001.fastq.gz,/mnt/picea/storage/data/aspseq/onilsson/T89-diurnal-analysis/links
A transcriptional roadmap of the yearly growth cycle in Populus trees,P17253_103_2,Sample from bud grown indoor collected under the treatment SDW15  technical replicate  2,2020-10-19T10:00:00,P17253_103_S67_L002_R2_001.fastq.gz,/mnt/picea/storage/data/aspseq/onilsson/T89-diurnal-analysis/links
A transcriptional roadmap of the yearly growth cycle in Populus trees,P17253_105_1,Sample from bud grown indoor collected under the treatment SDW15  technical replicate  1,2020-10-19T10:00:00,P17253_105_S44_L002_R1_001.fastq.gz,/mnt/picea/storage/data/aspseq/onilsson/T89-diurnal-analysis/links
A transcriptional roadmap of the yearly growth cycle in Populus trees,P17253_105_1,Sample from bud grown indoor collected under the treatment SDW15  technical replicate  1,2020-10-19T10:00:00,P17253_105_S44_L002_R2_001.fastq.gz,/mnt/picea/storage/data/aspseq/onilsson/T89-diurnal-analysis/links
A transcriptional roadmap of the yearly growth cycle in Populus trees,P17253_105_2,Sample from bud grown indoor collected under the treatment SDW15  technical replicate  2,2020-10-19T10:00:00,P17253_105_S69_L002_R1_001.fastq.gz,/mnt/picea/storage/data/aspseq/onilsson/T89-diurnal-analysis/links
A transcriptional roadmap of the yearly growth cycle in Populus trees,P17253_105_2,Sample from bud grown indoor collected under the treatment SDW15  technical replicate  2,2020-10-19T10:00:00,P17253_105_S69_L002_R2_001.fastq.gz,/mnt/picea/storage/data/aspseq/onilsson/T89-diurnal-analysis/links
A transcriptional roadmap of the yearly growth cycle in Populus trees,P17253_106_1,Sample from bud grown indoor collected under the treatment SDW15  technical replicate  1,2020-10-19T10:00:00,P17253_106_S45_L002_R1_001.fastq.gz,/mnt/picea/storage/data/aspseq/onilsson/T89-diurnal-analysis/links
A transcriptional roadmap of the yearly growth cycle in Populus trees,P17253_106_1,Sample from bud grown indoor collected under the treatment SDW15  technical replicate  1,2020-10-19T10:00:00,P17253_106_S45_L002_R2_001.fastq.gz,/mnt/picea/storage/data/aspseq/onilsson/T89-diurnal-analysis/links
A transcriptional roadmap of the yearly growth cycle in Populus trees,P17253_106_2,Sample from bud grown indoor collected under the treatment SDW15  technical replicate  2,2020-10-19T10:00:00,P17253_106_S70_L002_R1_001.fastq.gz,/mnt/picea/storage/data/aspseq/onilsson/T89-diurnal-analysis/links
A transcriptional roadmap of the yearly growth cycle in Populus trees,P17253_106_2,Sample from bud grown indoor collected under the treatment SDW15  technical replicate  2,2020-10-19T10:00:00,P17253_106_S70_L002_R2_001.fastq.gz,/mnt/picea/storage/data/aspseq/onilsson/T89-diurnal-analysis/links
A transcriptional roadmap of the yearly growth cycle in Populus trees,P17253_107_1,Sample from bud grown indoor collected under the treatment CTW10  technical replicate  1,2020-10-19T10:00:00,P17253_107_S46_L002_R1_001.fastq.gz,/mnt/picea/storage/data/aspseq/onilsson/T89-diurnal-analysis/links
A transcriptional roadmap of the yearly growth cycle in Populus trees,P17253_107_1,Sample from bud grown indoor collected under the treatment CTW10  technical replicate  1,2020-10-19T10:00:00,P17253_107_S46_L002_R2_001.fastq.gz,/mnt/picea/storage/data/aspseq/onilsson/T89-diurnal-analysis/links
A transcriptional roadmap of the yearly growth cycle in Populus trees,P17253_107_2,Sample from bud grown indoor collected under the treatment CTW10  technical replicate  2,2020-10-19T10:00:00,P17253_107_S71_L002_R1_001.fastq.gz,/mnt/picea/storage/data/aspseq/onilsson/T89-diurnal-analysis/links
A transcriptional roadmap of the yearly growth cycle in Populus trees,P17253_107_2,Sample from bud grown indoor collected under the treatment CTW10  technical replicate  2,2020-10-19T10:00:00,P17253_107_S71_L002_R2_001.fastq.gz,/mnt/picea/storage/data/aspseq/onilsson/T89-diurnal-analysis/links
A transcriptional roadmap of the yearly growth cycle in Populus trees,P17253_108_1,Sample from bud grown indoor collected under the treatment CTW10  technical replicate  1,2020-10-19T10:00:00,P17253_108_S47_L002_R1_001.fastq.gz,/mnt/picea/storage/data/aspseq/onilsson/T89-diurnal-analysis/links
A transcriptional roadmap of the yearly growth cycle in Populus trees,P17253_108_1,Sample from bud grown indoor collected under the treatment CTW10  technical replicate  1,2020-10-19T10:00:00,P17253_108_S47_L002_R2_001.fastq.gz,/mnt/picea/storage/data/aspseq/onilsson/T89-diurnal-analysis/links
A transcriptional roadmap of the yearly growth cycle in Populus trees,P17253_108_2,Sample from bud grown indoor collected under the treatment CTW10  technical replicate  2,2020-10-19T10:00:00,P17253_108_S72_L002_R1_001.fastq.gz,/mnt/picea/storage/data/aspseq/onilsson/T89-diurnal-analysis/links
A transcriptional roadmap of the yearly growth cycle in Populus trees,P17253_108_2,Sample from bud grown indoor collected under the treatment CTW10  technical replicate  2,2020-10-19T10:00:00,P17253_108_S72_L002_R2_001.fastq.gz,/mnt/picea/storage/data/aspseq/onilsson/T89-diurnal-analysis/links
A transcriptional roadmap of the yearly growth cycle in Populus trees,P17253_109_1,Sample from bud grown indoor collected under the treatment CTW10  technical replicate  1,2020-10-19T10:00:00,P17253_109_S48_L002_R1_001.fastq.gz,/mnt/picea/storage/data/aspseq/onilsson/T89-diurnal-analysis/links
A transcriptional roadmap of the yearly growth cycle in Populus trees,P17253_109_1,Sample from bud grown indoor collected under the treatment CTW10  technical replicate  1,2020-10-19T10:00:00,P17253_109_S48_L002_R2_001.fastq.gz,/mnt/picea/storage/data/aspseq/onilsson/T89-diurnal-analysis/links
A transcriptional roadmap of the yearly growth cycle in Populus trees,P17253_109_2,Sample from bud grown indoor collected under the treatment CTW10  technical replicate  2,2020-10-19T10:00:00,P17253_109_S73_L002_R1_001.fastq.gz,/mnt/picea/storage/data/aspseq/onilsson/T89-diurnal-analysis/links
A transcriptional roadmap of the yearly growth cycle in Populus trees,P17253_109_2,Sample from bud grown indoor collected under the treatment CTW10  technical replicate  2,2020-10-19T10:00:00,P17253_109_S73_L002_R2_001.fastq.gz,/mnt/picea/storage/data/aspseq/onilsson/T89-diurnal-analysis/links
A transcriptional roadmap of the yearly growth cycle in Populus trees,P17253_110_1,Sample from bud grown indoor collected under the treatment CTW10  technical replicate  1,2020-10-19T10:00:00,P17253_110_S49_L002_R1_001.fastq.gz,/mnt/picea/storage/data/aspseq/onilsson/T89-diurnal-analysis/links
A transcriptional roadmap of the yearly growth cycle in Populus trees,P17253_110_1,Sample from bud grown indoor collected under the treatment CTW10  technical replicate  1,2020-10-19T10:00:00,P17253_110_S49_L002_R2_001.fastq.gz,/mnt/picea/storage/data/aspseq/onilsson/T89-diurnal-analysis/links
A transcriptional roadmap of the yearly growth cycle in Populus trees,P17253_110_2,Sample from bud grown indoor collected under the treatment CTW10  technical replicate  2,2020-10-19T10:00:00,P17253_110_S74_L002_R1_001.fastq.gz,/mnt/picea/storage/data/aspseq/onilsson/T89-diurnal-analysis/links
A transcriptional roadmap of the yearly growth cycle in Populus trees,P17253_110_2,Sample from bud grown indoor collected under the treatment CTW10  technical replicate  2,2020-10-19T10:00:00,P17253_110_S74_L002_R2_001.fastq.gz,/mnt/picea/storage/data/aspseq/onilsson/T89-diurnal-analysis/links
A transcriptional roadmap of the yearly growth cycle in Populus trees,P17253_111_1,Sample from bud grown indoor collected under the treatment CTW10  technical replicate  1,2020-10-19T10:00:00,P17253_111_S50_L002_R1_001.fastq.gz,/mnt/picea/storage/data/aspseq/onilsson/T89-diurnal-analysis/links
A transcriptional roadmap of the yearly growth cycle in Populus trees,P17253_111_1,Sample from bud grown indoor collected under the treatment CTW10  technical replicate  1,2020-10-19T10:00:00,P17253_111_S50_L002_R2_001.fastq.gz,/mnt/picea/storage/data/aspseq/onilsson/T89-diurnal-analysis/links
A transcriptional roadmap of the yearly growth cycle in Populus trees,P17253_111_2,Sample from bud grown indoor collected under the treatment CTW10  technical replicate  2,2020-10-19T10:00:00,P17253_111_S75_L002_R1_001.fastq.gz,/mnt/picea/storage/data/aspseq/onilsson/T89-diurnal-analysis/links
A transcriptional roadmap of the yearly growth cycle in Populus trees,P17253_111_2,Sample from bud grown indoor collected under the treatment CTW10  technical replicate  2,2020-10-19T10:00:00,P17253_111_S75_L002_R2_001.fastq.gz,/mnt/picea/storage/data/aspseq/onilsson/T89-diurnal-analysis/links
A transcriptional roadmap of the yearly growth cycle in Populus trees,P17253_112_1,Sample from bud grown indoor collected under the treatment CTW10  technical replicate  1,2020-10-19T10:00:00,P17253_112_S51_L002_R1_001.fastq.gz,/mnt/picea/storage/data/aspseq/onilsson/T89-diurnal-analysis/links
A transcriptional roadmap of the yearly growth cycle in Populus trees,P17253_112_1,Sample from bud grown indoor collected under the treatment CTW10  technical replicate  1,2020-10-19T10:00:00,P17253_112_S51_L002_R2_001.fastq.gz,/mnt/picea/storage/data/aspseq/onilsson/T89-diurnal-analysis/links
A transcriptional roadmap of the yearly growth cycle in Populus trees,P17253_112_2,Sample from bud grown indoor collected under the treatment CTW10  technical replicate  2,2020-10-19T10:00:00,P17253_112_S76_L002_R1_001.fastq.gz,/mnt/picea/storage/data/aspseq/onilsson/T89-diurnal-analysis/links
A transcriptional roadmap of the yearly growth cycle in Populus trees,P17253_112_2,Sample from bud grown indoor collected under the treatment CTW10  technical replicate  2,2020-10-19T10:00:00,P17253_112_S76_L002_R2_001.fastq.gz,/mnt/picea/storage/data/aspseq/onilsson/T89-diurnal-analysis/links
A transcriptional roadmap of the yearly growth cycle in Populus trees,P17253_113_1,Sample from bud grown indoor collected under the treatment BBW1  technical replicate  1,2020-10-19T10:00:00,P17253_113_S52_L002_R1_001.fastq.gz,/mnt/picea/storage/data/aspseq/onilsson/T89-diurnal-analysis/links
A transcriptional roadmap of the yearly growth cycle in Populus trees,P17253_113_1,Sample from bud grown indoor collected under the treatment BBW1  technical replicate  1,2020-10-19T10:00:00,P17253_113_S52_L002_R2_001.fastq.gz,/mnt/picea/storage/data/aspseq/onilsson/T89-diurnal-analysis/links
A transcriptional roadmap of the yearly growth cycle in Populus trees,P17253_113_2,Sample from bud grown indoor collected under the treatment BBW1  technical replicate  2,2020-10-19T10:00:00,P17253_113_S77_L002_R1_001.fastq.gz,/mnt/picea/storage/data/aspseq/onilsson/T89-diurnal-analysis/links
A transcriptional roadmap of the yearly growth cycle in Populus trees,P17253_113_2,Sample from bud grown indoor collected under the treatment BBW1  technical replicate  2,2020-10-19T10:00:00,P17253_113_S77_L002_R2_001.fastq.gz,/mnt/picea/storage/data/aspseq/onilsson/T89-diurnal-analysis/links
A transcriptional roadmap of the yearly growth cycle in Populus trees,P17253_114_1,Sample from bud grown indoor collected under the treatment BBW1  technical replicate  1,2020-10-19T10:00:00,P17253_114_S53_L002_R1_001.fastq.gz,/mnt/picea/storage/data/aspseq/onilsson/T89-diurnal-analysis/links
A transcriptional roadmap of the yearly growth cycle in Populus trees,P17253_114_1,Sample from bud grown indoor collected under the treatment BBW1  technical replicate  1,2020-10-19T10:00:00,P17253_114_S53_L002_R2_001.fastq.gz,/mnt/picea/storage/data/aspseq/onilsson/T89-diurnal-analysis/links
A transcriptional roadmap of the yearly growth cycle in Populus trees,P17253_114_2,Sample from bud grown indoor collected under the treatment BBW1  technical replicate  2,2020-10-19T10:00:00,P17253_114_S78_L002_R1_001.fastq.gz,/mnt/picea/storage/data/aspseq/onilsson/T89-diurnal-analysis/links
A transcriptional roadmap of the yearly growth cycle in Populus trees,P17253_114_2,Sample from bud grown indoor collected under the treatment BBW1  technical replicate  2,2020-10-19T10:00:00,P17253_114_S78_L002_R2_001.fastq.gz,/mnt/picea/storage/data/aspseq/onilsson/T89-diurnal-analysis/links
A transcriptional roadmap of the yearly growth cycle in Populus trees,P17253_115_1,Sample from bud grown indoor collected under the treatment BBW1  technical replicate  1,2020-10-19T10:00:00,P17253_115_S54_L002_R1_001.fastq.gz,/mnt/picea/storage/data/aspseq/onilsson/T89-diurnal-analysis/links
A transcriptional roadmap of the yearly growth cycle in Populus trees,P17253_115_1,Sample from bud grown indoor collected under the treatment BBW1  technical replicate  1,2020-10-19T10:00:00,P17253_115_S54_L002_R2_001.fastq.gz,/mnt/picea/storage/data/aspseq/onilsson/T89-diurnal-analysis/links
A transcriptional roadmap of the yearly growth cycle in Populus trees,P17253_115_2,Sample from bud grown indoor collected under the treatment BBW1  technical replicate  2,2020-10-19T10:00:00,P17253_115_S79_L002_R1_001.fastq.gz,/mnt/picea/storage/data/aspseq/onilsson/T89-diurnal-analysis/links
A transcriptional roadmap of the yearly growth cycle in Populus trees,P17253_115_2,Sample from bud grown indoor collected under the treatment BBW1  technical replicate  2,2020-10-19T10:00:00,P17253_115_S79_L002_R2_001.fastq.gz,/mnt/picea/storage/data/aspseq/onilsson/T89-diurnal-analysis/links
A transcriptional roadmap of the yearly growth cycle in Populus trees,P17253_116_1,Sample from bud grown indoor collected under the treatment BBW1  technical replicate  1,2020-10-19T10:00:00,P17253_116_S55_L002_R1_001.fastq.gz,/mnt/picea/storage/data/aspseq/onilsson/T89-diurnal-analysis/links
A transcriptional roadmap of the yearly growth cycle in Populus trees,P17253_116_1,Sample from bud grown indoor collected under the treatment BBW1  technical replicate  1,2020-10-19T10:00:00,P17253_116_S55_L002_R2_001.fastq.gz,/mnt/picea/storage/data/aspseq/onilsson/T89-diurnal-analysis/links
A transcriptional roadmap of the yearly growth cycle in Populus trees,P17253_116_2,Sample from bud grown indoor collected under the treatment BBW1  technical replicate  2,2020-10-19T10:00:00,P17253_116_S80_L002_R1_001.fastq.gz,/mnt/picea/storage/data/aspseq/onilsson/T89-diurnal-analysis/links
A transcriptional roadmap of the yearly growth cycle in Populus trees,P17253_116_2,Sample from bud grown indoor collected under the treatment BBW1  technical replicate  2,2020-10-19T10:00:00,P17253_116_S80_L002_R2_001.fastq.gz,/mnt/picea/storage/data/aspseq/onilsson/T89-diurnal-analysis/links
A transcriptional roadmap of the yearly growth cycle in Populus trees,P17253_117_1,Sample from bud grown indoor collected under the treatment BBW1  technical replicate  1,2020-10-19T10:00:00,P17253_117_S56_L002_R1_001.fastq.gz,/mnt/picea/storage/data/aspseq/onilsson/T89-diurnal-analysis/links
A transcriptional roadmap of the yearly growth cycle in Populus trees,P17253_117_1,Sample from bud grown indoor collected under the treatment BBW1  technical replicate  1,2020-10-19T10:00:00,P17253_117_S56_L002_R2_001.fastq.gz,/mnt/picea/storage/data/aspseq/onilsson/T89-diurnal-analysis/links
A transcriptional roadmap of the yearly growth cycle in Populus trees,P17253_117_2,Sample from bud grown indoor collected under the treatment BBW1  technical replicate  2,2020-10-19T10:00:00,P17253_117_S81_L002_R1_001.fastq.gz,/mnt/picea/storage/data/aspseq/onilsson/T89-diurnal-analysis/links
A transcriptional roadmap of the yearly growth cycle in Populus trees,P17253_117_2,Sample from bud grown indoor collected under the treatment BBW1  technical replicate  2,2020-10-19T10:00:00,P17253_117_S81_L002_R2_001.fastq.gz,/mnt/picea/storage/data/aspseq/onilsson/T89-diurnal-analysis/links
A transcriptional roadmap of the yearly growth cycle in Populus trees,P17253_118_1,Sample from bud grown indoor collected under the treatment BBW1  technical replicate  1,2020-10-19T10:00:00,P17253_118_S57_L002_R1_001.fastq.gz,/mnt/picea/storage/data/aspseq/onilsson/T89-diurnal-analysis/links
A transcriptional roadmap of the yearly growth cycle in Populus trees,P17253_118_1,Sample from bud grown indoor collected under the treatment BBW1  technical replicate  1,2020-10-19T10:00:00,P17253_118_S57_L002_R2_001.fastq.gz,/mnt/picea/storage/data/aspseq/onilsson/T89-diurnal-analysis/links
A transcriptional roadmap of the yearly growth cycle in Populus trees,P17253_118_2,Sample from bud grown indoor collected under the treatment BBW1  technical replicate  2,2020-10-19T10:00:00,P17253_118_S82_L002_R1_001.fastq.gz,/mnt/picea/storage/data/aspseq/onilsson/T89-diurnal-analysis/links
A transcriptional roadmap of the yearly growth cycle in Populus trees,P17253_118_2,Sample from bud grown indoor collected under the treatment BBW1  technical replicate  2,2020-10-19T10:00:00,P17253_118_S82_L002_R2_001.fastq.gz,/mnt/picea/storage/data/aspseq/onilsson/T89-diurnal-analysis/links
A transcriptional roadmap of the yearly growth cycle in Populus trees,P17253_119_1,Sample from bud grown indoor collected under the treatment BBW2  technical replicate  1,2020-10-19T10:00:00,P17253_119_S58_L002_R1_001.fastq.gz,/mnt/picea/storage/data/aspseq/onilsson/T89-diurnal-analysis/links
A transcriptional roadmap of the yearly growth cycle in Populus trees,P17253_119_1,Sample from bud grown indoor collected under the treatment BBW2  technical replicate  1,2020-10-19T10:00:00,P17253_119_S58_L002_R2_001.fastq.gz,/mnt/picea/storage/data/aspseq/onilsson/T89-diurnal-analysis/links
A transcriptional roadmap of the yearly growth cycle in Populus trees,P17253_119_2,Sample from bud grown indoor collected under the treatment BBW2  technical replicate  2,2020-10-19T10:00:00,P17253_119_S83_L002_R1_001.fastq.gz,/mnt/picea/storage/data/aspseq/onilsson/T89-diurnal-analysis/links
A transcriptional roadmap of the yearly growth cycle in Populus trees,P17253_119_2,Sample from bud grown indoor collected under the treatment BBW2  technical replicate  2,2020-10-19T10:00:00,P17253_119_S83_L002_R2_001.fastq.gz,/mnt/picea/storage/data/aspseq/onilsson/T89-diurnal-analysis/links
A transcriptional roadmap of the yearly growth cycle in Populus trees,P17253_120_1,Sample from bud grown indoor collected under the treatment BBW2  technical replicate  1,2020-10-19T10:00:00,P17253_120_S59_L002_R1_001.fastq.gz,/mnt/picea/storage/data/aspseq/onilsson/T89-diurnal-analysis/links
A transcriptional roadmap of the yearly growth cycle in Populus trees,P17253_120_1,Sample from bud grown indoor collected under the treatment BBW2  technical replicate  1,2020-10-19T10:00:00,P17253_120_S59_L002_R2_001.fastq.gz,/mnt/picea/storage/data/aspseq/onilsson/T89-diurnal-analysis/links
A transcriptional roadmap of the yearly growth cycle in Populus trees,P17253_120_2,Sample from bud grown indoor collected under the treatment BBW2  technical replicate  2,2020-10-19T10:00:00,P17253_120_S84_L002_R1_001.fastq.gz,/mnt/picea/storage/data/aspseq/onilsson/T89-diurnal-analysis/links
A transcriptional roadmap of the yearly growth cycle in Populus trees,P17253_120_2,Sample from bud grown indoor collected under the treatment BBW2  technical replicate  2,2020-10-19T10:00:00,P17253_120_S84_L002_R2_001.fastq.gz,/mnt/picea/storage/data/aspseq/onilsson/T89-diurnal-analysis/links
A transcriptional roadmap of the yearly growth cycle in Populus trees,P17253_121_1,Sample from bud grown indoor collected under the treatment BBW2  technical replicate  1,2020-10-19T10:00:00,P17253_121_S60_L002_R1_001.fastq.gz,/mnt/picea/storage/data/aspseq/onilsson/T89-diurnal-analysis/links
A transcriptional roadmap of the yearly growth cycle in Populus trees,P17253_121_1,Sample from bud grown indoor collected under the treatment BBW2  technical replicate  1,2020-10-19T10:00:00,P17253_121_S60_L002_R2_001.fastq.gz,/mnt/picea/storage/data/aspseq/onilsson/T89-diurnal-analysis/links
A transcriptional roadmap of the yearly growth cycle in Populus trees,P17253_121_2,Sample from bud grown indoor collected under the treatment BBW2  technical replicate  2,2020-10-19T10:00:00,P17253_121_S85_L002_R1_001.fastq.gz,/mnt/picea/storage/data/aspseq/onilsson/T89-diurnal-analysis/links
A transcriptional roadmap of the yearly growth cycle in Populus trees,P17253_121_2,Sample from bud grown indoor collected under the treatment BBW2  technical replicate  2,2020-10-19T10:00:00,P17253_121_S85_L002_R2_001.fastq.gz,/mnt/picea/storage/data/aspseq/onilsson/T89-diurnal-analysis/links
A transcriptional roadmap of the yearly growth cycle in Populus trees,P17253_122_1,Sample from bud grown indoor collected under the treatment BBW2  technical replicate  1,2020-10-19T10:00:00,P17253_122_S61_L002_R1_001.fastq.gz,/mnt/picea/storage/data/aspseq/onilsson/T89-diurnal-analysis/links
A transcriptional roadmap of the yearly growth cycle in Populus trees,P17253_122_1,Sample from bud grown indoor collected under the treatment BBW2  technical replicate  1,2020-10-19T10:00:00,P17253_122_S61_L002_R2_001.fastq.gz,/mnt/picea/storage/data/aspseq/onilsson/T89-diurnal-analysis/links
A transcriptional roadmap of the yearly growth cycle in Populus trees,P17253_122_2,Sample from bud grown indoor collected under the treatment BBW2  technical replicate  2,2020-10-19T10:00:00,P17253_122_S86_L002_R1_001.fastq.gz,/mnt/picea/storage/data/aspseq/onilsson/T89-diurnal-analysis/links
A transcriptional roadmap of the yearly growth cycle in Populus trees,P17253_122_2,Sample from bud grown indoor collected under the treatment BBW2  technical replicate  2,2020-10-19T10:00:00,P17253_122_S86_L002_R2_001.fastq.gz,/mnt/picea/storage/data/aspseq/onilsson/T89-diurnal-analysis/links
A transcriptional roadmap of the yearly growth cycle in Populus trees,P17253_123_1,Sample from bud grown indoor collected under the treatment BBW2  technical replicate  1,2020-10-19T10:00:00,P17253_123_S62_L002_R1_001.fastq.gz,/mnt/picea/storage/data/aspseq/onilsson/T89-diurnal-analysis/links
A transcriptional roadmap of the yearly growth cycle in Populus trees,P17253_123_1,Sample from bud grown indoor collected under the treatment BBW2  technical replicate  1,2020-10-19T10:00:00,P17253_123_S62_L002_R2_001.fastq.gz,/mnt/picea/storage/data/aspseq/onilsson/T89-diurnal-analysis/links
A transcriptional roadmap of the yearly growth cycle in Populus trees,P17253_123_2,Sample from bud grown indoor collected under the treatment BBW2  technical replicate  2,2020-10-19T10:00:00,P17253_123_S87_L002_R1_001.fastq.gz,/mnt/picea/storage/data/aspseq/onilsson/T89-diurnal-analysis/links
A transcriptional roadmap of the yearly growth cycle in Populus trees,P17253_123_2,Sample from bud grown indoor collected under the treatment BBW2  technical replicate  2,2020-10-19T10:00:00,P17253_123_S87_L002_R2_001.fastq.gz,/mnt/picea/storage/data/aspseq/onilsson/T89-diurnal-analysis/links
A transcriptional roadmap of the yearly growth cycle in Populus trees,P17253_124_1,Sample from bud grown indoor collected under the treatment BBW2  technical replicate  1,2020-10-19T10:00:00,P17253_124_S63_L002_R1_001.fastq.gz,/mnt/picea/storage/data/aspseq/onilsson/T89-diurnal-analysis/links
A transcriptional roadmap of the yearly growth cycle in Populus trees,P17253_124_1,Sample from bud grown indoor collected under the treatment BBW2  technical replicate  1,2020-10-19T10:00:00,P17253_124_S63_L002_R2_001.fastq.gz,/mnt/picea/storage/data/aspseq/onilsson/T89-diurnal-analysis/links
A transcriptional roadmap of the yearly growth cycle in Populus trees,P17253_124_2,Sample from bud grown indoor collected under the treatment BBW2  technical replicate  2,2020-10-19T10:00:00,P17253_124_S88_L002_R1_001.fastq.gz,/mnt/picea/storage/data/aspseq/onilsson/T89-diurnal-analysis/links
A transcriptional roadmap of the yearly growth cycle in Populus trees,P17253_124_2,Sample from bud grown indoor collected under the treatment BBW2  technical replicate  2,2020-10-19T10:00:00,P17253_124_S88_L002_R2_001.fastq.gz,/mnt/picea/storage/data/aspseq/onilsson/T89-diurnal-analysis/links
A transcriptional roadmap of the yearly growth cycle in Populus trees,P17253_125_1,Sample from bud grown indoor collected under the treatment BBW2  technical replicate  1,2020-10-19T10:00:00,P17253_125_S64_L002_R1_001.fastq.gz,/mnt/picea/storage/data/aspseq/onilsson/T89-diurnal-analysis/links
A transcriptional roadmap of the yearly growth cycle in Populus trees,P17253_125_1,Sample from bud grown indoor collected under the treatment BBW2  technical replicate  1,2020-10-19T10:00:00,P17253_125_S64_L002_R2_001.fastq.gz,/mnt/picea/storage/data/aspseq/onilsson/T89-diurnal-analysis/links
A transcriptional roadmap of the yearly growth cycle in Populus trees,P17253_125_2,Sample from bud grown indoor collected under the treatment BBW2  technical replicate  2,2020-10-19T10:00:00,P17253_125_S89_L002_R1_001.fastq.gz,/mnt/picea/storage/data/aspseq/onilsson/T89-diurnal-analysis/links
A transcriptional roadmap of the yearly growth cycle in Populus trees,P17253_125_2,Sample from bud grown indoor collected under the treatment BBW2  technical replicate  2,2020-10-19T10:00:00,P17253_125_S89_L002_R2_001.fastq.gz,/mnt/picea/storage/data/aspseq/onilsson/T89-diurnal-analysis/links
A transcriptional roadmap of the yearly growth cycle in Populus trees,P17253_126_1,Sample from bud grown indoor collected under the treatment BBW2  technical replicate  1,2020-10-19T10:00:00,P17253_126_S65_L002_R1_001.fastq.gz,/mnt/picea/storage/data/aspseq/onilsson/T89-diurnal-analysis/links
A transcriptional roadmap of the yearly growth cycle in Populus trees,P17253_126_1,Sample from bud grown indoor collected under the treatment BBW2  technical replicate  1,2020-10-19T10:00:00,P17253_126_S65_L002_R2_001.fastq.gz,/mnt/picea/storage/data/aspseq/onilsson/T89-diurnal-analysis/links
A transcriptional roadmap of the yearly growth cycle in Populus trees,P17253_126_2,Sample from bud grown indoor collected under the treatment BBW2  technical replicate  2,2020-10-19T10:00:00,P17253_126_S90_L002_R1_001.fastq.gz,/mnt/picea/storage/data/aspseq/onilsson/T89-diurnal-analysis/links
A transcriptional roadmap of the yearly growth cycle in Populus trees,P17253_126_2,Sample from bud grown indoor collected under the treatment BBW2  technical replicate  2,2020-10-19T10:00:00,P17253_126_S90_L002_R2_001.fastq.gz,/mnt/picea/storage/data/aspseq/onilsson/T89-diurnal-analysis/links
A transcriptional roadmap of the yearly growth cycle in Populus trees,P17253_127_1,Sample from bud grown indoor collected under the treatment BBW2  technical replicate  1,2020-10-19T10:00:00,P17253_127_S66_L002_R1_001.fastq.gz,/mnt/picea/storage/data/aspseq/onilsson/T89-diurnal-analysis/links
A transcriptional roadmap of the yearly growth cycle in Populus trees,P17253_127_1,Sample from bud grown indoor collected under the treatment BBW2  technical replicate  1,2020-10-19T10:00:00,P17253_127_S66_L002_R2_001.fastq.gz,/mnt/picea/storage/data/aspseq/onilsson/T89-diurnal-analysis/links
A transcriptional roadmap of the yearly growth cycle in Populus trees,P17253_127_2,Sample from bud grown indoor collected under the treatment BBW2  technical replicate  2,2020-10-19T10:00:00,P17253_127_S91_L002_R1_001.fastq.gz,/mnt/picea/storage/data/aspseq/onilsson/T89-diurnal-analysis/links
A transcriptional roadmap of the yearly growth cycle in Populus trees,P17253_127_2,Sample from bud grown indoor collected under the treatment BBW2  technical replicate  2,2020-10-19T10:00:00,P17253_127_S91_L002_R2_001.fastq.gz,/mnt/picea/storage/data/aspseq/onilsson/T89-diurnal-analysis/links
A transcriptional roadmap of the yearly growth cycle in Populus trees,P17253_128_1,Sample from bud grown indoor collected under the treatment BBW2  technical replicate  1,2020-10-19T10:00:00,P17253_128_S67_L002_R1_001.fastq.gz,/mnt/picea/storage/data/aspseq/onilsson/T89-diurnal-analysis/links
A transcriptional roadmap of the yearly growth cycle in Populus trees,P17253_128_1,Sample from bud grown indoor collected under the treatment BBW2  technical replicate  1,2020-10-19T10:00:00,P17253_128_S67_L002_R2_001.fastq.gz,/mnt/picea/storage/data/aspseq/onilsson/T89-diurnal-analysis/links
A transcriptional roadmap of the yearly growth cycle in Populus trees,P17253_128_2,Sample from bud grown indoor collected under the treatment BBW2  technical replicate  2,2020-10-19T10:00:00,P17253_128_S92_L002_R1_001.fastq.gz,/mnt/picea/storage/data/aspseq/onilsson/T89-diurnal-analysis/links
A transcriptional roadmap of the yearly growth cycle in Populus trees,P17253_128_2,Sample from bud grown indoor collected under the treatment BBW2  technical replicate  2,2020-10-19T10:00:00,P17253_128_S92_L002_R2_001.fastq.gz,/mnt/picea/storage/data/aspseq/onilsson/T89-diurnal-analysis/links
A transcriptional roadmap of the yearly growth cycle in Populus trees,P17253_129_1,Sample from bud grown indoor collected under the treatment BBW2  technical replicate  1,2020-10-19T10:00:00,P17253_129_S68_L002_R1_001.fastq.gz,/mnt/picea/storage/data/aspseq/onilsson/T89-diurnal-analysis/links
A transcriptional roadmap of the yearly growth cycle in Populus trees,P17253_129_1,Sample from bud grown indoor collected under the treatment BBW2  technical replicate  1,2020-10-19T10:00:00,P17253_129_S68_L002_R2_001.fastq.gz,/mnt/picea/storage/data/aspseq/onilsson/T89-diurnal-analysis/links
A transcriptional roadmap of the yearly growth cycle in Populus trees,P17253_129_2,Sample from bud grown indoor collected under the treatment BBW2  technical replicate  2,2020-10-19T10:00:00,P17253_129_S93_L002_R1_001.fastq.gz,/mnt/picea/storage/data/aspseq/onilsson/T89-diurnal-analysis/links
A transcriptional roadmap of the yearly growth cycle in Populus trees,P17253_129_2,Sample from bud grown indoor collected under the treatment BBW2  technical replicate  2,2020-10-19T10:00:00,P17253_129_S93_L002_R2_001.fastq.gz,/mnt/picea/storage/data/aspseq/onilsson/T89-diurnal-analysis/links
A transcriptional roadmap of the yearly growth cycle in Populus trees,P17253_130_1,Sample from bud grown indoor collected under the treatment BBW2  technical replicate  1,2020-10-19T10:00:00,P17253_130_S69_L002_R1_001.fastq.gz,/mnt/picea/storage/data/aspseq/onilsson/T89-diurnal-analysis/links
A transcriptional roadmap of the yearly growth cycle in Populus trees,P17253_130_1,Sample from bud grown indoor collected under the treatment BBW2  technical replicate  1,2020-10-19T10:00:00,P17253_130_S69_L002_R2_001.fastq.gz,/mnt/picea/storage/data/aspseq/onilsson/T89-diurnal-analysis/links
A transcriptional roadmap of the yearly growth cycle in Populus trees,P17253_130_2,Sample from bud grown indoor collected under the treatment BBW2  technical replicate  2,2020-10-19T10:00:00,P17253_130_S94_L002_R1_001.fastq.gz,/mnt/picea/storage/data/aspseq/onilsson/T89-diurnal-analysis/links
A transcriptional roadmap of the yearly growth cycle in Populus trees,P17253_130_2,Sample from bud grown indoor collected under the treatment BBW2  technical replicate  2,2020-10-19T10:00:00,P17253_130_S94_L002_R2_001.fastq.gz,/mnt/picea/storage/data/aspseq/onilsson/T89-diurnal-analysis/links
A transcriptional roadmap of the yearly growth cycle in Populus trees,P17253_131_1,Sample from bud grown indoor collected under the treatment BBW2  technical replicate  1,2020-10-19T10:00:00,P17253_131_S70_L002_R1_001.fastq.gz,/mnt/picea/storage/data/aspseq/onilsson/T89-diurnal-analysis/links
A transcriptional roadmap of the yearly growth cycle in Populus trees,P17253_131_1,Sample from bud grown indoor collected under the treatment BBW2  technical replicate  1,2020-10-19T10:00:00,P17253_131_S70_L002_R2_001.fastq.gz,/mnt/picea/storage/data/aspseq/onilsson/T89-diurnal-analysis/links
A transcriptional roadmap of the yearly growth cycle in Populus trees,P17253_131_2,Sample from bud grown indoor collected under the treatment BBW2  technical replicate  2,2020-10-19T10:00:00,P17253_131_S95_L002_R1_001.fastq.gz,/mnt/picea/storage/data/aspseq/onilsson/T89-diurnal-analysis/links
A transcriptional roadmap of the yearly growth cycle in Populus trees,P17253_131_2,Sample from bud grown indoor collected under the treatment BBW2  technical replicate  2,2020-10-19T10:00:00,P17253_131_S95_L002_R2_001.fastq.gz,/mnt/picea/storage/data/aspseq/onilsson/T89-diurnal-analysis/links
A transcriptional roadmap of the yearly growth cycle in Populus trees,P17253_132_1,Sample from bud grown indoor collected under the treatment BBW2  technical replicate  1,2020-10-19T10:00:00,P17253_132_S71_L002_R1_001.fastq.gz,/mnt/picea/storage/data/aspseq/onilsson/T89-diurnal-analysis/links
A transcriptional roadmap of the yearly growth cycle in Populus trees,P17253_132_1,Sample from bud grown indoor collected under the treatment BBW2  technical replicate  1,2020-10-19T10:00:00,P17253_132_S71_L002_R2_001.fastq.gz,/mnt/picea/storage/data/aspseq/onilsson/T89-diurnal-analysis/links
A transcriptional roadmap of the yearly growth cycle in Populus trees,P17253_132_2,Sample from bud grown indoor collected under the treatment BBW2  technical replicate  2,2020-10-19T10:00:00,P17253_132_S96_L002_R1_001.fastq.gz,/mnt/picea/storage/data/aspseq/onilsson/T89-diurnal-analysis/links
A transcriptional roadmap of the yearly growth cycle in Populus trees,P17253_132_2,Sample from bud grown indoor collected under the treatment BBW2  technical replicate  2,2020-10-19T10:00:00,P17253_132_S96_L002_R2_001.fastq.gz,/mnt/picea/storage/data/aspseq/onilsson/T89-diurnal-analysis/links
A transcriptional roadmap of the yearly growth cycle in Populus trees,P17253_133_1,Sample from bud grown indoor collected under the treatment BBW2  technical replicate  1,2020-10-19T10:00:00,P17253_133_S72_L002_R1_001.fastq.gz,/mnt/picea/storage/data/aspseq/onilsson/T89-diurnal-analysis/links
A transcriptional roadmap of the yearly growth cycle in Populus trees,P17253_133_1,Sample from bud grown indoor collected under the treatment BBW2  technical replicate  1,2020-10-19T10:00:00,P17253_133_S72_L002_R2_001.fastq.gz,/mnt/picea/storage/data/aspseq/onilsson/T89-diurnal-analysis/links
A transcriptional roadmap of the yearly growth cycle in Populus trees,P17253_133_2,Sample from bud grown indoor collected under the treatment BBW2  technical replicate  2,2020-10-19T10:00:00,P17253_133_S97_L002_R1_001.fastq.gz,/mnt/picea/storage/data/aspseq/onilsson/T89-diurnal-analysis/links
A transcriptional roadmap of the yearly growth cycle in Populus trees,P17253_133_2,Sample from bud grown indoor collected under the treatment BBW2  technical replicate  2,2020-10-19T10:00:00,P17253_133_S97_L002_R2_001.fastq.gz,/mnt/picea/storage/data/aspseq/onilsson/T89-diurnal-analysis/links
A transcriptional roadmap of the yearly growth cycle in Populus trees,P17253_134_1,Sample from bud grown indoor collected under the treatment BBW2  technical replicate  1,2020-10-19T10:00:00,P17253_134_S73_L002_R1_001.fastq.gz,/mnt/picea/storage/data/aspseq/onilsson/T89-diurnal-analysis/links
A transcriptional roadmap of the yearly growth cycle in Populus trees,P17253_134_1,Sample from bud grown indoor collected under the treatment BBW2  technical replicate  1,2020-10-19T10:00:00,P17253_134_S73_L002_R2_001.fastq.gz,/mnt/picea/storage/data/aspseq/onilsson/T89-diurnal-analysis/links
A transcriptional roadmap of the yearly growth cycle in Populus trees,P17253_134_2,Sample from bud grown indoor collected under the treatment BBW2  technical replicate  2,2020-10-19T10:00:00,P17253_134_S98_L002_R1_001.fastq.gz,/mnt/picea/storage/data/aspseq/onilsson/T89-diurnal-analysis/links
A transcriptional roadmap of the yearly growth cycle in Populus trees,P17253_134_2,Sample from bud grown indoor collected under the treatment BBW2  technical replicate  2,2020-10-19T10:00:00,P17253_134_S98_L002_R2_001.fastq.gz,/mnt/picea/storage/data/aspseq/onilsson/T89-diurnal-analysis/links
A transcriptional roadmap of the yearly growth cycle in Populus trees,P17253_135_1,Sample from bud grown indoor collected under the treatment BBW2  technical replicate  1,2020-10-19T10:00:00,P17253_135_S74_L002_R1_001.fastq.gz,/mnt/picea/storage/data/aspseq/onilsson/T89-diurnal-analysis/links
A transcriptional roadmap of the yearly growth cycle in Populus trees,P17253_135_1,Sample from bud grown indoor collected under the treatment BBW2  technical replicate  1,2020-10-19T10:00:00,P17253_135_S74_L002_R2_001.fastq.gz,/mnt/picea/storage/data/aspseq/onilsson/T89-diurnal-analysis/links
A transcriptional roadmap of the yearly growth cycle in Populus trees,P17253_135_2,Sample from bud grown indoor collected under the treatment BBW2  technical replicate  2,2020-10-19T10:00:00,P17253_135_S99_L002_R1_001.fastq.gz,/mnt/picea/storage/data/aspseq/onilsson/T89-diurnal-analysis/links
A transcriptional roadmap of the yearly growth cycle in Populus trees,P17253_135_2,Sample from bud grown indoor collected under the treatment BBW2  technical replicate  2,2020-10-19T10:00:00,P17253_135_S99_L002_R2_001.fastq.gz,/mnt/picea/storage/data/aspseq/onilsson/T89-diurnal-analysis/links
A transcriptional roadmap of the yearly growth cycle in Populus trees,P17253_136_1,Sample from bud grown indoor collected under the treatment BBW2  technical replicate  1,2020-10-19T10:00:00,P17253_136_S100_L002_R1_001.fastq.gz,/mnt/picea/storage/data/aspseq/onilsson/T89-diurnal-analysis/links
A transcriptional roadmap of the yearly growth cycle in Populus trees,P17253_136_1,Sample from bud grown indoor collected under the treatment BBW2  technical replicate  1,2020-10-19T10:00:00,P17253_136_S100_L002_R2_001.fastq.gz,/mnt/picea/storage/data/aspseq/onilsson/T89-diurnal-analysis/links
A transcriptional roadmap of the yearly growth cycle in Populus trees,P17253_136_2,Sample from bud grown indoor collected under the treatment BBW2  technical replicate  2,2020-10-19T10:00:00,P17253_136_S75_L002_R1_001.fastq.gz,/mnt/picea/storage/data/aspseq/onilsson/T89-diurnal-analysis/links
A transcriptional roadmap of the yearly growth cycle in Populus trees,P17253_136_2,Sample from bud grown indoor collected under the treatment BBW2  technical replicate  2,2020-10-19T10:00:00,P17253_136_S75_L002_R2_001.fastq.gz,/mnt/picea/storage/data/aspseq/onilsson/T89-diurnal-analysis/links
A transcriptional roadmap of the yearly growth cycle in Populus trees,P17253_137_1,Sample from bud grown indoor collected under the treatment BBW3  technical replicate  1,2020-10-19T10:00:00,P17253_137_S101_L002_R1_001.fastq.gz,/mnt/picea/storage/data/aspseq/onilsson/T89-diurnal-analysis/links
A transcriptional roadmap of the yearly growth cycle in Populus trees,P17253_137_1,Sample from bud grown indoor collected under the treatment BBW3  technical replicate  1,2020-10-19T10:00:00,P17253_137_S101_L002_R2_001.fastq.gz,/mnt/picea/storage/data/aspseq/onilsson/T89-diurnal-analysis/links
A transcriptional roadmap of the yearly growth cycle in Populus trees,P17253_137_2,Sample from bud grown indoor collected under the treatment BBW3  technical replicate  2,2020-10-19T10:00:00,P17253_137_S76_L002_R1_001.fastq.gz,/mnt/picea/storage/data/aspseq/onilsson/T89-diurnal-analysis/links
A transcriptional roadmap of the yearly growth cycle in Populus trees,P17253_137_2,Sample from bud grown indoor collected under the treatment BBW3  technical replicate  2,2020-10-19T10:00:00,P17253_137_S76_L002_R2_001.fastq.gz,/mnt/picea/storage/data/aspseq/onilsson/T89-diurnal-analysis/links
A transcriptional roadmap of the yearly growth cycle in Populus trees,P17253_138_1,Sample from bud grown indoor collected under the treatment BBW3  technical replicate  1,2020-10-19T10:00:00,P17253_138_S102_L002_R1_001.fastq.gz,/mnt/picea/storage/data/aspseq/onilsson/T89-diurnal-analysis/links
A transcriptional roadmap of the yearly growth cycle in Populus trees,P17253_138_1,Sample from bud grown indoor collected under the treatment BBW3  technical replicate  1,2020-10-19T10:00:00,P17253_138_S102_L002_R2_001.fastq.gz,/mnt/picea/storage/data/aspseq/onilsson/T89-diurnal-analysis/links
A transcriptional roadmap of the yearly growth cycle in Populus trees,P17253_138_2,Sample from bud grown indoor collected under the treatment BBW3  technical replicate  2,2020-10-19T10:00:00,P17253_138_S77_L002_R1_001.fastq.gz,/mnt/picea/storage/data/aspseq/onilsson/T89-diurnal-analysis/links
A transcriptional roadmap of the yearly growth cycle in Populus trees,P17253_138_2,Sample from bud grown indoor collected under the treatment BBW3  technical replicate  2,2020-10-19T10:00:00,P17253_138_S77_L002_R2_001.fastq.gz,/mnt/picea/storage/data/aspseq/onilsson/T89-diurnal-analysis/links
A transcriptional roadmap of the yearly growth cycle in Populus trees,P17253_139_1,Sample from bud grown indoor collected under the treatment BBW3  technical replicate  1,2020-10-19T10:00:00,P17253_139_S103_L002_R1_001.fastq.gz,/mnt/picea/storage/data/aspseq/onilsson/T89-diurnal-analysis/links
A transcriptional roadmap of the yearly growth cycle in Populus trees,P17253_139_1,Sample from bud grown indoor collected under the treatment BBW3  technical replicate  1,2020-10-19T10:00:00,P17253_139_S103_L002_R2_001.fastq.gz,/mnt/picea/storage/data/aspseq/onilsson/T89-diurnal-analysis/links
A transcriptional roadmap of the yearly growth cycle in Populus trees,P17253_139_2,Sample from bud grown indoor collected under the treatment BBW3  technical replicate  2,2020-10-19T10:00:00,P17253_139_S78_L002_R1_001.fastq.gz,/mnt/picea/storage/data/aspseq/onilsson/T89-diurnal-analysis/links
A transcriptional roadmap of the yearly growth cycle in Populus trees,P17253_139_2,Sample from bud grown indoor collected under the treatment BBW3  technical replicate  2,2020-10-19T10:00:00,P17253_139_S78_L002_R2_001.fastq.gz,/mnt/picea/storage/data/aspseq/onilsson/T89-diurnal-analysis/links
A transcriptional roadmap of the yearly growth cycle in Populus trees,P17253_140_1,Sample from bud grown indoor collected under the treatment BBW3  technical replicate  1,2020-10-19T10:00:00,P17253_140_S104_L002_R1_001.fastq.gz,/mnt/picea/storage/data/aspseq/onilsson/T89-diurnal-analysis/links
A transcriptional roadmap of the yearly growth cycle in Populus trees,P17253_140_1,Sample from bud grown indoor collected under the treatment BBW3  technical replicate  1,2020-10-19T10:00:00,P17253_140_S104_L002_R2_001.fastq.gz,/mnt/picea/storage/data/aspseq/onilsson/T89-diurnal-analysis/links
A transcriptional roadmap of the yearly growth cycle in Populus trees,P17253_140_2,Sample from bud grown indoor collected under the treatment BBW3  technical replicate  2,2020-10-19T10:00:00,P17253_140_S79_L002_R1_001.fastq.gz,/mnt/picea/storage/data/aspseq/onilsson/T89-diurnal-analysis/links
A transcriptional roadmap of the yearly growth cycle in Populus trees,P17253_140_2,Sample from bud grown indoor collected under the treatment BBW3  technical replicate  2,2020-10-19T10:00:00,P17253_140_S79_L002_R2_001.fastq.gz,/mnt/picea/storage/data/aspseq/onilsson/T89-diurnal-analysis/links
A transcriptional roadmap of the yearly growth cycle in Populus trees,P17253_141_1,Sample from bud grown indoor collected under the treatment BBW3  technical replicate  1,2020-10-19T10:00:00,P17253_141_S105_L002_R1_001.fastq.gz,/mnt/picea/storage/data/aspseq/onilsson/T89-diurnal-analysis/links
A transcriptional roadmap of the yearly growth cycle in Populus trees,P17253_141_1,Sample from bud grown indoor collected under the treatment BBW3  technical replicate  1,2020-10-19T10:00:00,P17253_141_S105_L002_R2_001.fastq.gz,/mnt/picea/storage/data/aspseq/onilsson/T89-diurnal-analysis/links
A transcriptional roadmap of the yearly growth cycle in Populus trees,P17253_141_2,Sample from bud grown indoor collected under the treatment BBW3  technical replicate  2,2020-10-19T10:00:00,P17253_141_S80_L002_R1_001.fastq.gz,/mnt/picea/storage/data/aspseq/onilsson/T89-diurnal-analysis/links
A transcriptional roadmap of the yearly growth cycle in Populus trees,P17253_141_2,Sample from bud grown indoor collected under the treatment BBW3  technical replicate  2,2020-10-19T10:00:00,P17253_141_S80_L002_R2_001.fastq.gz,/mnt/picea/storage/data/aspseq/onilsson/T89-diurnal-analysis/links
A transcriptional roadmap of the yearly growth cycle in Populus trees,P17253_142_1,Sample from bud grown indoor collected under the treatment BBW3  technical replicate  1,2020-10-19T10:00:00,P17253_142_S106_L002_R1_001.fastq.gz,/mnt/picea/storage/data/aspseq/onilsson/T89-diurnal-analysis/links
A transcriptional roadmap of the yearly growth cycle in Populus trees,P17253_142_1,Sample from bud grown indoor collected under the treatment BBW3  technical replicate  1,2020-10-19T10:00:00,P17253_142_S106_L002_R2_001.fastq.gz,/mnt/picea/storage/data/aspseq/onilsson/T89-diurnal-analysis/links
A transcriptional roadmap of the yearly growth cycle in Populus trees,P17253_142_2,Sample from bud grown indoor collected under the treatment BBW3  technical replicate  2,2020-10-19T10:00:00,P17253_142_S81_L002_R1_001.fastq.gz,/mnt/picea/storage/data/aspseq/onilsson/T89-diurnal-analysis/links
A transcriptional roadmap of the yearly growth cycle in Populus trees,P17253_142_2,Sample from bud grown indoor collected under the treatment BBW3  technical replicate  2,2020-10-19T10:00:00,P17253_142_S81_L002_R2_001.fastq.gz,/mnt/picea/storage/data/aspseq/onilsson/T89-diurnal-analysis/links
A transcriptional roadmap of the yearly growth cycle in Populus trees,P17253_143_1,Sample from bud grown indoor collected under the treatment BBW3  technical replicate  1,2020-10-19T10:00:00,P17253_143_S107_L002_R1_001.fastq.gz,/mnt/picea/storage/data/aspseq/onilsson/T89-diurnal-analysis/links
A transcriptional roadmap of the yearly growth cycle in Populus trees,P17253_143_1,Sample from bud grown indoor collected under the treatment BBW3  technical replicate  1,2020-10-19T10:00:00,P17253_143_S107_L002_R2_001.fastq.gz,/mnt/picea/storage/data/aspseq/onilsson/T89-diurnal-analysis/links
A transcriptional roadmap of the yearly growth cycle in Populus trees,P17253_143_2,Sample from bud grown indoor collected under the treatment BBW3  technical replicate  2,2020-10-19T10:00:00,P17253_143_S82_L002_R1_001.fastq.gz,/mnt/picea/storage/data/aspseq/onilsson/T89-diurnal-analysis/links
A transcriptional roadmap of the yearly growth cycle in Populus trees,P17253_143_2,Sample from bud grown indoor collected under the treatment BBW3  technical replicate  2,2020-10-19T10:00:00,P17253_143_S82_L002_R2_001.fastq.gz,/mnt/picea/storage/data/aspseq/onilsson/T89-diurnal-analysis/links
A transcriptional roadmap of the yearly growth cycle in Populus trees,P17253_144_1,Sample from bud grown indoor collected under the treatment BBW3  technical replicate  1,2020-10-19T10:00:00,P17253_144_S108_L002_R1_001.fastq.gz,/mnt/picea/storage/data/aspseq/onilsson/T89-diurnal-analysis/links
A transcriptional roadmap of the yearly growth cycle in Populus trees,P17253_144_1,Sample from bud grown indoor collected under the treatment BBW3  technical replicate  1,2020-10-19T10:00:00,P17253_144_S108_L002_R2_001.fastq.gz,/mnt/picea/storage/data/aspseq/onilsson/T89-diurnal-analysis/links
A transcriptional roadmap of the yearly growth cycle in Populus trees,P17253_144_2,Sample from bud grown indoor collected under the treatment BBW3  technical replicate  2,2020-10-19T10:00:00,P17253_144_S83_L002_R1_001.fastq.gz,/mnt/picea/storage/data/aspseq/onilsson/T89-diurnal-analysis/links
A transcriptional roadmap of the yearly growth cycle in Populus trees,P17253_144_2,Sample from bud grown indoor collected under the treatment BBW3  technical replicate  2,2020-10-19T10:00:00,P17253_144_S83_L002_R2_001.fastq.gz,/mnt/picea/storage/data/aspseq/onilsson/T89-diurnal-analysis/links
A transcriptional roadmap of the yearly growth cycle in Populus trees,P17253_145_1,Sample from bud grown indoor collected under the treatment BBW3  technical replicate  1,2020-10-19T10:00:00,P17253_145_S109_L002_R1_001.fastq.gz,/mnt/picea/storage/data/aspseq/onilsson/T89-diurnal-analysis/links
A transcriptional roadmap of the yearly growth cycle in Populus trees,P17253_145_1,Sample from bud grown indoor collected under the treatment BBW3  technical replicate  1,2020-10-19T10:00:00,P17253_145_S109_L002_R2_001.fastq.gz,/mnt/picea/storage/data/aspseq/onilsson/T89-diurnal-analysis/links
A transcriptional roadmap of the yearly growth cycle in Populus trees,P17253_145_2,Sample from bud grown indoor collected under the treatment BBW3  technical replicate  2,2020-10-19T10:00:00,P17253_145_S84_L002_R1_001.fastq.gz,/mnt/picea/storage/data/aspseq/onilsson/T89-diurnal-analysis/links
A transcriptional roadmap of the yearly growth cycle in Populus trees,P17253_145_2,Sample from bud grown indoor collected under the treatment BBW3  technical replicate  2,2020-10-19T10:00:00,P17253_145_S84_L002_R2_001.fastq.gz,/mnt/picea/storage/data/aspseq/onilsson/T89-diurnal-analysis/links
A transcriptional roadmap of the yearly growth cycle in Populus trees,P17253_146_1,Sample from bud grown indoor collected under the treatment BBW3  technical replicate  1,2020-10-19T10:00:00,P17253_146_S110_L002_R1_001.fastq.gz,/mnt/picea/storage/data/aspseq/onilsson/T89-diurnal-analysis/links
A transcriptional roadmap of the yearly growth cycle in Populus trees,P17253_146_1,Sample from bud grown indoor collected under the treatment BBW3  technical replicate  1,2020-10-19T10:00:00,P17253_146_S110_L002_R2_001.fastq.gz,/mnt/picea/storage/data/aspseq/onilsson/T89-diurnal-analysis/links
A transcriptional roadmap of the yearly growth cycle in Populus trees,P17253_146_2,Sample from bud grown indoor collected under the treatment BBW3  technical replicate  2,2020-10-19T10:00:00,P17253_146_S85_L002_R1_001.fastq.gz,/mnt/picea/storage/data/aspseq/onilsson/T89-diurnal-analysis/links
A transcriptional roadmap of the yearly growth cycle in Populus trees,P17253_146_2,Sample from bud grown indoor collected under the treatment BBW3  technical replicate  2,2020-10-19T10:00:00,P17253_146_S85_L002_R2_001.fastq.gz,/mnt/picea/storage/data/aspseq/onilsson/T89-diurnal-analysis/links
A transcriptional roadmap of the yearly growth cycle in Populus trees,P17253_147_1,Sample from bud grown indoor collected under the treatment BBW3  technical replicate  1,2020-10-19T10:00:00,P17253_147_S111_L002_R1_001.fastq.gz,/mnt/picea/storage/data/aspseq/onilsson/T89-diurnal-analysis/links
A transcriptional roadmap of the yearly growth cycle in Populus trees,P17253_147_1,Sample from bud grown indoor collected under the treatment BBW3  technical replicate  1,2020-10-19T10:00:00,P17253_147_S111_L002_R2_001.fastq.gz,/mnt/picea/storage/data/aspseq/onilsson/T89-diurnal-analysis/links
A transcriptional roadmap of the yearly growth cycle in Populus trees,P17253_147_2,Sample from bud grown indoor collected under the treatment BBW3  technical replicate  2,2020-10-19T10:00:00,P17253_147_S86_L002_R1_001.fastq.gz,/mnt/picea/storage/data/aspseq/onilsson/T89-diurnal-analysis/links
A transcriptional roadmap of the yearly growth cycle in Populus trees,P17253_147_2,Sample from bud grown indoor collected under the treatment BBW3  technical replicate  2,2020-10-19T10:00:00,P17253_147_S86_L002_R2_001.fastq.gz,/mnt/picea/storage/data/aspseq/onilsson/T89-diurnal-analysis/links
A transcriptional roadmap of the yearly growth cycle in Populus trees,P17253_148_1,Sample from bud grown indoor collected under the treatment BBW3  technical replicate  1,2020-10-19T10:00:00,P17253_148_S112_L002_R1_001.fastq.gz,/mnt/picea/storage/data/aspseq/onilsson/T89-diurnal-analysis/links
A transcriptional roadmap of the yearly growth cycle in Populus trees,P17253_148_1,Sample from bud grown indoor collected under the treatment BBW3  technical replicate  1,2020-10-19T10:00:00,P17253_148_S112_L002_R2_001.fastq.gz,/mnt/picea/storage/data/aspseq/onilsson/T89-diurnal-analysis/links
A transcriptional roadmap of the yearly growth cycle in Populus trees,P17253_148_2,Sample from bud grown indoor collected under the treatment BBW3  technical replicate  2,2020-10-19T10:00:00,P17253_148_S87_L002_R1_001.fastq.gz,/mnt/picea/storage/data/aspseq/onilsson/T89-diurnal-analysis/links
A transcriptional roadmap of the yearly growth cycle in Populus trees,P17253_148_2,Sample from bud grown indoor collected under the treatment BBW3  technical replicate  2,2020-10-19T10:00:00,P17253_148_S87_L002_R2_001.fastq.gz,/mnt/picea/storage/data/aspseq/onilsson/T89-diurnal-analysis/links
